current_time,weather,temp,humidity
2025-07-15 04:25:46,Clouds,26.02,75
2025-07-15 04:31:05,Clouds,26.02,75
2025-07-15 04:54:25,Clouds,23.97,73
2025-07-15 05:24:58,Rain,23.97,73
2025-07-15 05:49:32,Clouds,25.41,67
2025-07-15 06:15:01,Clouds,25.41,67
2025-07-15 06:49:43,Clouds,24.56,69
2025-07-15 07:13:50,Clouds,24.74,72
2025-07-15 07:38:37,Clouds,24.79,67
2025-07-15 07:51:45,Clouds,24.79,67
2025-07-15 08:20:28,Clouds,24.79,67
2025-07-15 08:48:43,Clouds,25.34,62
2025-07-15 09:17:41,Clouds,25.17,72
2025-07-15 09:45:49,Clouds,26.76,69
2025-07-15 09:58:33,Clouds,26.76,69
2025-07-15 10:32:29,Clear,24.76,78
2025-07-15 10:52:28,Clear,24.76,78
2025-07-15 11:14:36,Clear,24.76,78
2025-07-15 11:32:44,Clouds,23.76,88
2025-07-15 11:46:20,Clouds,23.76,88
2025-07-15 11:57:58,Clouds,23.76,88
2025-07-15 12:59:13,Rain,23.76,94
2025-07-15 13:43:31,Clouds,23.76,94
2025-07-15 13:59:36,Clouds,23.76,94
2025-07-15 14:30:17,Clouds,23.76,94
2025-07-15 14:49:53,Clouds,23.76,94
2025-07-15 15:10:00,Clouds,23.76,94
2025-07-15 15:34:51,Clouds,23.76,100
2025-07-15 15:51:20,Clouds,23.76,100
2025-07-15 16:17:27,Clouds,23.78,88
2025-07-15 16:47:32,Clouds,22.76,100
2025-07-15 17:00:55,Clouds,22.76,100
2025-07-15 17:29:54,Clouds,23.76,100
2025-07-15 17:47:37,Clouds,23.76,100
2025-07-15 17:59:02,Clouds,23.76,100
2025-07-15 18:42:08,Clouds,23.76,100
2025-07-15 19:00:26,Clouds,23.76,100
2025-07-15 19:26:24,Clouds,23.76,100
2025-07-15 19:41:58,Rain,23.76,100
2025-07-15 19:53:27,Clouds,23.76,100
2025-07-15 20:21:15,Clouds,23.76,100
2025-07-15 20:42:31,Rain,23.76,100
2025-07-15 20:56:07,Clouds,23.76,100
2025-07-15 21:24:38,Mist,22.76,100
2025-07-15 21:41:50,Mist,22.76,100
2025-07-15 21:53:26,Mist,22.76,100
2025-07-15 22:18:51,Mist,22.76,100
2025-07-15 22:42:09,Mist,23.76,100
2025-07-15 22:54:44,Mist,23.76,100
2025-07-15 23:20:25,Clouds,22.76,100
2025-07-15 23:38:23,Clouds,22.76,100
2025-07-15 23:52:25,Clouds,22.76,100
2025-07-16 01:19:56,Clouds,24.84,87
2025-07-16 03:10:43,Rain,22.76,100
2025-07-16 04:06:43,Rain,23.76,94
2025-07-16 04:50:43,Rain,23.76,88
2025-07-16 05:18:58,Rain,22.89,86
2025-07-16 05:46:05,Rain,22.76,100
2025-07-16 05:58:11,Rain,22.76,100
2025-07-16 06:43:02,Rain,22.76,100
2025-07-16 07:01:14,Rain,22.76,100
2025-07-16 07:31:19,Rain,21.76,100
2025-07-16 07:47:31,Rain,21.76,100
2025-07-16 07:59:10,Rain,21.76,100
2025-07-16 08:38:26,Rain,22.76,100
2025-07-16 08:59:36,Rain,22.76,100
2025-07-16 09:35:03,Rain,21.76,100
2025-07-16 09:53:05,Rain,21.76,100
2025-07-16 10:19:40,Rain,21.76,100
2025-07-16 10:45:27,Mist,21.76,100
2025-07-16 10:58:08,Rain,21.76,100
2025-07-16 11:25:42,Rain,21.76,100
2025-07-16 11:42:36,Rain,21.76,100
2025-07-16 11:54:05,Mist,21.76,100
2025-07-16 12:43:29,Clouds,21.76,100
2025-07-16 13:27:36,Rain,22.76,100
2025-07-16 13:56:12,Rain,22.76,100
2025-07-16 14:24:52,Rain,22.76,100
2025-07-16 14:47:34,Thunderstorm,22.76,100
2025-07-16 14:59:10,Thunderstorm,22.76,100
2025-07-16 15:32:25,Rain,22.76,100
2025-07-16 15:50:18,Rain,22.76,100
2025-07-16 16:14:16,Rain,22.76,100
2025-07-16 16:46:48,Rain,22.76,100
2025-07-16 17:10:21,Rain,23.22,98
2025-07-16 17:38:31,Rain,22.76,100
2025-07-16 17:53:32,Rain,22.76,100
2025-07-16 18:28:14,Rain,22.76,100
2025-07-16 18:55:34,Rain,22.76,100
2025-07-16 19:19:49,Rain,22.76,100
2025-07-16 19:35:06,Thunderstorm,22.76,100
2025-07-16 19:46:51,Mist,22.76,100
2025-07-16 19:58:18,Thunderstorm,22.76,100
2025-07-16 20:31:58,Thunderstorm,22.76,100
2025-07-16 20:50:23,Thunderstorm,22.76,100
2025-07-16 21:11:21,Thunderstorm,22.76,100
2025-07-16 21:33:34,Thunderstorm,22.76,100
2025-07-16 21:48:13,Thunderstorm,22.76,100
2025-07-16 21:59:39,Thunderstorm,22.76,100
2025-07-16 22:30:22,Rain,22.76,100
2025-07-16 22:50:22,Rain,22.76,100
2025-07-16 23:11:08,Thunderstorm,21.76,100
2025-07-16 23:33:09,Thunderstorm,21.76,100
2025-07-16 23:48:23,Rain,22.76,100
2025-07-17 00:00:01,Rain,22.76,100
2025-07-17 02:25:02,Mist,23.76,100
2025-07-17 03:45:17,Clouds,24.76,94
2025-07-17 04:25:23,Thunderstorm,24.76,100
2025-07-17 04:58:47,Rain,24.76,100
2025-07-17 05:33:45,Thunderstorm,25.76,94
2025-07-17 05:52:42,Mist,25.76,94
2025-07-17 06:26:13,Mist,22.78,100
2025-07-17 06:55:51,Mist,24.76,100
2025-07-17 07:26:08,Clouds,24.76,100
2025-07-17 07:44:01,Clouds,24.76,100
2025-07-17 07:55:16,Clouds,24.76,100
2025-07-17 08:32:15,Rain,23.76,100
2025-07-17 08:56:13,Clouds,23.76,100
2025-07-17 09:30:30,Clouds,23.76,100
2025-07-17 09:49:50,Clouds,23.76,100
2025-07-17 10:11:43,Clouds,23.76,100
2025-07-17 10:42:51,Rain,23.76,100
2025-07-17 10:57:11,Rain,23.76,100
2025-07-17 11:25:11,Rain,23.76,100
2025-07-17 11:42:07,Clouds,23.76,100
2025-07-17 11:53:39,Rain,23.76,100
2025-07-17 12:40:20,Rain,22.76,100
2025-07-17 13:26:01,Rain,23.49,100
2025-07-17 13:54:42,Rain,22.76,100
2025-07-17 14:20:46,Clouds,23.6,99
2025-07-17 14:43:55,Clouds,22.76,100
2025-07-17 14:57:08,Rain,22.76,100
2025-07-17 15:31:13,Rain,22.76,100
2025-07-17 15:50:14,Clouds,22.76,100
2025-07-17 16:13:53,Clouds,23.49,98
2025-07-17 16:46:31,Clouds,22.76,100
2025-07-17 17:01:16,Clouds,22.76,100
2025-07-17 17:31:07,Clouds,22.76,100
2025-07-17 17:48:50,Clouds,22.76,100
2025-07-17 18:00:05,Clouds,22.76,100
2025-07-17 18:43:08,Clouds,22.76,100
2025-07-17 19:00:46,Clouds,22.76,100
2025-07-17 19:25:42,Clouds,22.76,100
2025-07-17 19:41:31,Clouds,22.76,100
2025-07-17 19:53:13,Clouds,22.76,100
2025-07-17 20:20:16,Mist,22.76,100
2025-07-17 20:41:44,Mist,22.76,100
2025-07-17 20:56:06,Mist,22.76,100
2025-07-17 21:24:34,Clouds,22.78,100
2025-07-17 21:41:53,Clouds,22.76,100
2025-07-17 21:53:29,Clouds,22.76,100
2025-07-17 22:18:32,Clouds,22.57,100
2025-07-17 22:41:59,Clouds,22.76,100
2025-07-17 22:55:03,Clouds,22.76,100
2025-07-17 23:23:01,Mist,22.78,100
2025-07-17 23:40:57,Rain,22.76,100
2025-07-17 23:52:44,Rain,22.76,100
2025-07-18 01:22:46,Rain,22.76,100
2025-07-18 03:15:28,Clouds,23.76,100
2025-07-18 04:09:31,Clouds,24.76,94
2025-07-18 04:53:50,Clouds,24.76,100
2025-07-18 05:25:13,Rain,26.76,89
2025-07-18 05:50:50,Clouds,26.76,89
2025-07-18 06:19:36,Clouds,25.59,86
2025-07-18 06:53:01,Clouds,26.76,94
2025-07-18 07:20:35,Clouds,26.24,84
2025-07-18 07:41:25,Clouds,26.76,94
2025-07-18 07:55:21,Clouds,26.76,94
2025-07-18 08:32:02,Clouds,27.76,89
2025-07-18 08:56:26,Clouds,27.76,89
2025-07-18 09:31:08,Clouds,28.76,79
2025-07-18 09:51:36,Clouds,28.76,79
2025-07-18 10:15:57,Clouds,25.19,85
2025-07-18 10:44:44,Clouds,24.76,100
2025-07-18 10:58:24,Clouds,24.76,100
2025-07-18 11:25:34,Clouds,24.76,100
2025-07-18 11:43:33,Clouds,24.76,100
2025-07-18 11:55:05,Clouds,24.76,100
2025-07-18 12:50:14,Clouds,24.76,100
2025-07-18 13:30:31,Clouds,23.76,100
2025-07-18 13:56:39,Clouds,23.76,100
2025-07-18 14:27:15,Clouds,23.76,100
2025-07-18 14:49:16,Clouds,23.76,100
2025-07-18 15:09:11,Clouds,23.76,100
2025-07-18 15:34:33,Clouds,24.76,100
2025-07-18 16:24:59,Clouds,23.76,100
2025-07-18 16:53:46,Thunderstorm,23.76,100
2025-07-18 17:19:58,Rain,23.76,100
2025-07-18 17:42:24,Thunderstorm,23.76,100
2025-07-18 17:57:17,Thunderstorm,23.76,100
2025-07-18 18:38:59,Rain,20.76,100
2025-07-18 18:58:13,Thunderstorm,20.76,100
2025-07-18 19:23:49,Rain,20.76,100
2025-07-18 19:51:01,Rain,20.76,100
2025-07-18 20:13:44,Rain,20.76,100
2025-07-18 20:38:39,Rain,21.76,100
2025-07-18 20:53:19,Rain,21.76,100
2025-07-18 21:18:28,Mist,21.78,100
2025-07-18 21:37:31,Rain,21.76,100
2025-07-18 21:50:15,Rain,21.76,100
2025-07-18 22:11:28,Clouds,22.82,99
2025-07-18 22:37:55,Clouds,21.76,100
2025-07-18 22:53:48,Mist,21.76,100
2025-07-18 23:18:19,Rain,21.76,100
2025-07-18 23:37:24,Rain,21.76,100
2025-07-18 23:50:33,Mist,21.76,100
2025-07-19 00:58:25,Rain,22.76,100
2025-07-19 02:54:48,Rain,24.76,94
2025-07-19 03:53:08,Clouds,23.76,100
2025-07-19 04:29:06,Mist,24.76,100
2025-07-19 04:55:28,Mist,24.76,100
2025-07-19 05:24:39,Clouds,25.76,100
2025-07-19 05:45:48,Clouds,25.76,100
2025-07-19 05:57:13,Clouds,25.76,100
2025-07-19 06:38:32,Rain,25.76,100
2025-07-19 06:56:51,Rain,25.76,100
2025-07-19 07:24:56,Clouds,27.18,93
2025-07-19 07:40:26,Clouds,26.76,100
2025-07-19 07:51:55,Clouds,26.76,100
2025-07-19 08:18:43,Clouds,27.27,90
2025-07-19 08:43:52,Clouds,25.76,100
2025-07-19 08:58:23,Clouds,25.76,100
2025-07-19 09:28:16,Rain,26.91,90
2025-07-19 09:44:32,Rain,25.76,100
2025-07-19 09:56:05,Clouds,25.76,100
2025-07-19 10:26:13,Clouds,24.76,100
2025-07-19 10:47:39,Clouds,24.76,100
2025-07-19 10:58:54,Clouds,24.76,100
2025-07-19 11:23:20,Clouds,26.04,94
2025-07-19 11:37:53,Rain,24.76,100
2025-07-19 11:49:33,Rain,24.76,100
2025-07-19 12:16:21,Rain,24.78,100
2025-07-19 13:01:20,Rain,24.76,100
2025-07-19 13:36:44,Clouds,24.76,100
2025-07-19 13:53:00,Clouds,24.76,100
2025-07-19 14:15:34,Rain,24.76,100
2025-07-19 14:38:28,Clouds,24.76,100
2025-07-19 14:51:11,Clouds,24.76,100
2025-07-19 15:12:31,Rain,24.76,100
2025-07-19 15:34:20,Rain,24.76,100
2025-07-19 15:50:08,Rain,24.76,100
2025-07-19 16:12:03,Rain,24.76,100
2025-07-19 16:42:46,Rain,24.76,100
2025-07-19 16:59:16,Rain,24.76,100
2025-07-19 17:27:46,Rain,25.76,100
2025-07-19 17:45:59,Rain,25.76,100
2025-07-19 17:57:10,Rain,25.76,100
2025-07-19 18:36:36,Rain,25.76,100
2025-07-19 18:55:04,Rain,25.76,100
2025-07-19 19:17:01,Rain,25.76,100
2025-07-19 19:42:54,Rain,24.76,100
2025-07-19 19:53:55,Rain,24.76,100
2025-07-19 20:20:40,Rain,24.23,98
2025-07-19 20:40:24,Mist,25.76,100
2025-07-19 20:54:31,Mist,25.76,100
2025-07-19 21:19:05,Clouds,24.76,100
2025-07-19 21:36:36,Clouds,24.76,100
2025-07-19 21:49:05,Clouds,24.76,100
2025-07-19 22:00:01,Clouds,24.76,100
2025-07-19 22:29:27,Clouds,24.76,100
2025-07-19 22:47:52,Clouds,24.76,100
2025-07-19 22:59:10,Clouds,24.76,100
2025-07-19 23:29:47,Rain,25.76,100
2025-07-19 23:47:19,Clouds,25.76,100
2025-07-20 02:34:36,Clouds,29.76,79
2025-07-20 03:57:15,Clouds,29.76,79
2025-07-20 04:48:32,Clouds,30.76,74
2025-07-20 05:14:59,Clouds,30.76,74
2025-07-20 05:44:17,Clouds,30.76,66
2025-07-20 05:56:38,Clouds,30.76,66
2025-07-20 06:37:10,Clouds,30.76,70
2025-07-20 06:55:59,Clouds,30.76,70
2025-07-20 07:22:54,Clear,30.89,65
2025-07-20 07:38:33,Clouds,31.76,66
2025-07-20 07:50:41,Clouds,31.76,66
2025-07-20 08:14:59,Clear,30.93,65
2025-07-20 08:41:52,Clouds,29.76,74
2025-07-20 08:58:06,Clouds,29.76,74
2025-07-20 09:28:04,Clouds,30.76,66
2025-07-20 09:44:47,Clouds,30.76,66
2025-07-20 09:56:20,Clouds,30.76,66
2025-07-20 10:27:55,Clouds,29.76,74
2025-07-20 10:48:24,Clouds,29.76,74
2025-07-20 10:59:38,Clouds,29.76,74
2025-07-20 11:23:50,Clouds,27.76,89
2025-07-20 11:38:35,Clouds,27.76,89
2025-07-20 11:50:02,Clouds,27.76,89
2025-07-20 12:18:55,Clouds,27.35,82
2025-07-20 13:03:38,Clouds,26.76,100
2025-07-20 13:38:56,Clouds,26.76,100
2025-07-20 13:54:03,Clouds,26.76,100
2025-07-20 14:17:51,Clouds,25.76,100
2025-07-20 14:39:16,Clouds,25.76,100
2025-07-20 14:51:40,Clouds,25.76,100
2025-07-20 15:13:45,Clouds,26.27,94
2025-07-20 15:35:14,Clouds,25.76,100
2025-07-20 15:48:38,Clouds,25.76,100
2025-07-20 16:00:14,Clouds,25.76,100
2025-07-20 16:34:25,Clouds,24.76,100
2025-07-20 16:53:12,Clouds,24.76,100
2025-07-20 17:15:08,Clouds,25.71,95
2025-07-20 17:51:34,Clouds,24.76,100
2025-07-20 18:45:36,Clear,23.76,100
2025-07-20 18:59:46,Clear,23.76,100
2025-07-20 19:22:56,Clear,25.39,96
2025-07-20 19:36:15,Clear,23.76,100
2025-07-20 19:47:41,Clear,23.76,100
2025-07-20 20:30:36,Clouds,24.76,100
2025-07-20 20:47:41,Clouds,24.76,100
2025-07-20 20:58:45,Clouds,24.76,100
2025-07-20 21:26:18,Clouds,25.49,98
2025-07-20 21:42:38,Clouds,24.76,100
2025-07-20 21:54:07,Clouds,24.76,100
2025-07-20 22:19:12,Clouds,26.03,98
2025-07-20 22:41:33,Clouds,25.76,100
2025-07-20 23:19:19,Clouds,25.78,94
2025-07-20 23:38:08,Clouds,26.76,100
2025-07-20 23:51:20,Clouds,26.76,100
2025-07-21 01:13:12,Clouds,26.78,89
2025-07-21 03:16:11,Clouds,28.78,79
2025-07-21 04:14:08,Clouds,30.48,70
2025-07-21 04:56:53,Clouds,29.76,79
2025-07-21 05:34:18,Clouds,31.76,70
2025-07-21 05:54:24,Clouds,31.76,70
2025-07-21 06:33:21,Clouds,31.76,70
2025-07-21 06:58:38,Clouds,31.76,70
2025-07-21 07:35:42,Clouds,30.76,70
2025-07-21 07:53:03,Clouds,30.76,70
2025-07-21 08:27:57,Clouds,30.76,79
2025-07-21 08:58:04,Clouds,30.76,79
2025-07-21 09:36:38,Clouds,29.76,84
2025-07-21 09:54:28,Clouds,29.76,84
2025-07-21 10:25:11,Clouds,28.76,94
2025-07-21 10:50:27,Clouds,28.76,94
2025-07-21 11:10:40,Clouds,28.76,94
2025-07-21 11:31:32,Clouds,27.76,100
2025-07-21 11:48:01,Clouds,27.76,100
2025-07-21 11:59:32,Clouds,27.76,100
2025-07-21 13:01:40,Clouds,27.76,100
2025-07-21 13:47:55,Clouds,26.76,100
2025-07-21 14:10:40,Clouds,26.38,92
2025-07-21 14:42:50,Clouds,26.76,100
2025-07-21 14:58:21,Clouds,26.76,100
2025-07-21 15:32:01,Clouds,26.76,100
2025-07-21 15:51:00,Clouds,26.76,100
2025-07-21 16:15:49,Clouds,25.41,93
2025-07-21 16:47:53,Clouds,26.76,100
2025-07-21 17:10:41,Clouds,26.76,100
2025-07-21 17:38:14,Clouds,26.76,100
2025-07-21 17:53:26,Clouds,26.76,100
2025-07-21 18:28:53,Clouds,26.76,100
2025-07-21 18:56:22,Clouds,26.76,100
2025-07-21 19:22:44,Clouds,24.73,94
2025-07-21 19:38:44,Clouds,24.91,91
2025-07-21 19:50:27,Clouds,25,90
2025-07-21 20:13:10,Clouds,24.76,87
2025-07-21 20:40:08,Clouds,24.74,87
2025-07-21 20:55:16,Clouds,24.74,87
2025-07-21 21:22:36,Clouds,26.76,100
2025-07-21 21:40:27,Clouds,26.76,100
2025-07-21 21:52:22,Clouds,26.76,100
2025-07-21 22:16:27,Clouds,26.76,100
2025-07-21 22:41:21,Clouds,26.76,100
2025-07-21 22:54:35,Clouds,26.76,100
2025-07-21 23:21:18,Clouds,26.05,89
2025-07-21 23:39:50,Clouds,28.76,94
2025-07-21 23:52:29,Clouds,28.76,94
2025-07-22 01:21:24,Clouds,29.76,84
2025-07-22 03:13:07,Clouds,30.76,70
2025-07-22 04:08:39,Clouds,30.76,66
2025-07-22 04:51:56,Clouds,31.76,62
2025-07-22 05:20:25,Clouds,32.24,61
2025-07-22 05:46:24,Clouds,31.76,62
2025-07-22 05:58:36,Clouds,31.76,62
2025-07-22 06:43:47,Clouds,30.76,79
2025-07-22 07:01:53,Clouds,30.76,79
2025-07-22 07:32:22,Clouds,30.76,79
2025-07-22 07:48:30,Clouds,30.76,79
2025-07-22 07:59:58,Clouds,30.76,79
2025-07-22 08:39:31,Clouds,30.76,74
2025-07-22 09:00:33,Clouds,30.76,74
2025-07-22 09:35:38,Clouds,29.76,74
2025-07-22 09:53:22,Clouds,29.76,74
2025-07-22 10:20:42,Clouds,28.76,89
2025-07-22 10:46:32,Clouds,28.76,89
2025-07-22 10:58:44,Clouds,28.76,89
2025-07-22 11:25:42,Clouds,28.77,78
2025-07-22 11:42:45,Clouds,26.76,100
2025-07-22 11:54:13,Clouds,26.76,100
2025-07-22 12:44:13,Clouds,26.76,100
2025-07-22 13:28:36,Clear,25.76,100
2025-07-22 13:57:06,Clear,25.76,100
2025-07-22 14:28:07,Clouds,26.57,90
2025-07-22 14:50:18,Clear,25.76,100
2025-07-22 15:12:32,Clear,25.76,100
2025-07-22 15:40:17,Clear,25.76,100
2025-07-22 15:55:55,Clear,25.76,100
2025-07-22 16:33:37,Clouds,25.85,96
2025-07-22 16:56:49,Clouds,26.67,80
2025-07-22 17:27:15,Clouds,26.67,80
2025-07-22 17:48:12,Clear,24.76,100
2025-07-22 17:59:45,Clear,24.76,100
2025-07-22 18:43:20,Clouds,24.76,100
2025-07-22 19:01:20,Clouds,24.76,100
2025-07-22 19:26:40,Clouds,24.76,100
2025-07-22 19:40:40,Clouds,24.76,100
2025-07-22 19:52:01,Clouds,24.76,100
2025-07-22 20:17:55,Clouds,24.88,97
2025-07-22 20:41:34,Clouds,23.76,100
2025-07-22 20:55:52,Clouds,23.76,100
2025-07-22 21:24:54,Clouds,23.76,100
2025-07-22 21:42:18,Clouds,23.76,100
2025-07-22 21:53:32,Clouds,23.76,100
2025-07-22 22:18:19,Clouds,25.86,95
2025-07-22 22:41:22,Clear,25.76,100
2025-07-22 22:54:51,Clear,25.76,100
2025-07-22 23:22:03,Clouds,27.76,83
2025-07-22 23:40:25,Clouds,27.76,83
2025-07-22 23:52:53,Clouds,27.76,83
2025-07-23 01:26:03,Clouds,30.76,62
2025-07-23 03:19:32,Clouds,31.62,62
2025-07-23 04:11:28,Clouds,31.76,62
2025-07-23 04:54:50,Clouds,32.76,58
2025-07-23 05:29:07,Clouds,33.76,55
2025-07-23 05:53:07,Clouds,33.76,55
2025-07-23 06:28:30,Clouds,32.78,55
2025-07-23 06:57:33,Clear,32.76,58
2025-07-23 07:30:57,Clouds,32.76,58
2025-07-23 07:48:36,Clouds,32.76,58
2025-07-23 08:00:07,Clouds,32.76,58
2025-07-23 08:40:00,Clouds,31.76,58
2025-07-23 09:01:08,Clouds,31.76,58
2025-07-23 09:36:57,Clear,30.76,62
2025-07-23 09:54:40,Clear,30.76,62
2025-07-23 10:24:58,Clear,30.58,66
2025-07-23 10:49:39,Clear,29.76,70
2025-07-23 11:09:21,Clear,29.76,70
2025-07-23 11:30:49,Clear,27.76,83
2025-07-23 11:46:27,Clear,27.76,83
2025-07-23 11:58:10,Clear,27.76,83
2025-07-23 13:01:15,Clear,26.76,89
2025-07-23 13:46:01,Clear,25.76,94
2025-07-23 14:00:31,Clear,25.76,94
2025-07-23 14:34:01,Clear,25.76,100
2025-07-23 14:55:44,Clear,25.76,100
2025-07-23 15:28:08,Clear,25.76,100
2025-07-23 15:49:29,Clear,25.76,100
2025-07-23 16:12:23,Clear,25.76,100
2025-07-23 16:46:54,Clear,24.76,100
2025-07-23 17:11:20,Clear,24.76,100
2025-07-23 17:40:08,Clear,24.76,100
2025-07-23 17:54:15,Clear,24.76,100
2025-07-23 18:31:05,Clear,24.76,100
2025-07-23 18:56:54,Clear,24.76,100
2025-07-23 19:23:27,Clouds,24.65,94
2025-07-23 19:38:58,Clear,24.76,100
2025-07-23 19:50:40,Clear,24.76,100
2025-07-23 20:13:52,Clouds,24.58,94
2025-07-23 20:40:20,Clear,23.76,100
2025-07-23 20:55:43,Clear,23.76,100
2025-07-23 21:24:46,Clear,24.76,100
2025-07-23 21:42:38,Clear,24.76,100
2025-07-23 21:54:20,Clear,24.76,100
2025-07-23 22:20:52,Clouds,25.27,93
2025-07-23 22:43:09,Clear,24.76,100
2025-07-23 22:55:46,Clear,24.76,100
2025-07-23 23:25:10,Clear,28.76,84
2025-07-23 23:43:16,Clear,28.76,84
2025-07-23 23:54:57,Clear,28.76,84
2025-07-24 01:56:59,Clear,29.76,74
2025-07-24 03:41:09,Clear,32.76,58
2025-07-24 04:26:21,Clouds,32.51,55
2025-07-24 04:59:49,Clear,33.76,59
2025-07-24 05:35:27,Clear,33.76,55
2025-07-24 05:53:59,Clear,33.76,55
2025-07-24 06:31:43,Clear,32.76,62
2025-07-24 06:58:24,Clear,32.76,62
2025-07-24 07:30:44,Clear,32.76,62
2025-07-24 07:47:40,Clear,32.76,62
2025-07-24 07:59:06,Clear,32.76,62
2025-07-24 08:39:07,Clear,32.76,62
2025-07-24 09:00:07,Clear,32.76,62
2025-07-24 09:34:39,Clear,31.76,66
2025-07-24 09:52:22,Clear,31.76,66
2025-07-24 10:18:24,Clear,29.76,74
2025-07-24 10:45:21,Clear,29.76,74
2025-07-24 10:58:31,Clear,29.76,74
2025-07-24 11:26:01,Clear,27.76,89
2025-07-24 11:43:26,Clear,27.76,89
2025-07-24 11:54:51,Clear,27.76,89
2025-07-24 12:49:10,Clear,26.76,94
2025-07-24 13:30:15,Clear,26.76,94
2025-07-24 13:57:32,Clear,26.76,94
2025-07-24 14:30:29,Clear,25.76,100
2025-07-24 14:52:33,Clear,25.76,100
2025-07-24 15:16:57,Clear,25.76,100
2025-07-24 15:39:19,Clear,25.76,100
2025-07-24 15:54:16,Clear,25.76,100
2025-07-24 16:24:43,Clear,24.76,100
2025-07-24 16:51:11,Clear,24.76,100
2025-07-24 17:14:00,Clear,24.76,100
2025-07-24 17:40:08,Clear,24.76,100
2025-07-24 17:53:06,Clear,24.76,100
2025-07-24 18:26:49,Clear,24.76,100
2025-07-24 18:55:37,Clear,24.76,100
2025-07-24 19:20:49,Clear,24.78,93
2025-07-24 19:36:38,Clear,23.76,100
2025-07-24 19:48:45,Clear,23.76,100
2025-07-24 19:59:59,Clear,23.76,100
2025-07-24 20:31:08,Clear,23.76,100
2025-07-24 20:49:31,Clear,23.76,100
2025-07-24 21:09:20,Clear,23.76,100
2025-07-24 21:32:19,Clear,23.76,100
2025-07-24 21:46:00,Clear,23.76,100
2025-07-24 21:57:22,Clear,23.76,100
2025-07-24 22:28:26,Clear,25.76,100
2025-07-24 22:48:49,Clear,25.76,100
2025-07-24 23:00:28,Clear,25.76,100
2025-07-24 23:29:30,Clear,28.76,84
2025-07-24 23:46:19,Clear,28.76,84
2025-07-24 23:57:40,Clear,28.76,84
2025-07-25 02:24:30,Clouds,33.76,62
2025-07-25 03:47:27,Clouds,33.76,55
2025-07-25 04:27:39,Clouds,34.76,52
2025-07-25 05:01:55,Clouds,34.76,52
2025-07-25 05:38:49,Clouds,34.76,52
2025-07-25 05:56:27,Clouds,34.76,52
2025-07-25 06:40:25,Clouds,34.76,49
2025-07-25 07:01:20,Clouds,34.76,49
2025-07-25 07:31:37,Clouds,34.76,52
2025-07-25 07:47:27,Clouds,34.76,52
2025-07-25 07:58:55,Clouds,34.76,52
2025-07-25 08:37:55,Clouds,33.76,55
2025-07-25 08:58:27,Clouds,33.76,55
2025-07-25 09:33:15,Clear,32.76,58
2025-07-25 09:52:25,Clear,32.76,58
2025-07-25 10:18:23,Clear,31.76,66
2025-07-25 10:45:29,Clear,31.76,66
2025-07-25 10:58:27,Clear,31.76,66
2025-07-25 11:25:33,Clear,29.76,79
2025-07-25 11:42:19,Clear,29.76,79
2025-07-25 11:53:48,Clear,29.76,79
2025-07-25 12:40:54,Clear,28.76,89
2025-07-25 13:25:22,Clear,28.76,94
2025-07-25 13:54:03,Clear,28.76,94
2025-07-25 14:19:31,Clear,27.76,100
2025-07-25 14:43:23,Clear,27.76,100
2025-07-25 14:56:44,Clear,27.76,100
2025-07-25 15:29:53,Clear,26.76,100
2025-07-25 15:48:06,Clear,26.76,100
2025-07-25 15:59:39,Clear,26.76,100
2025-07-25 16:37:13,Clear,26.76,100
2025-07-25 16:57:21,Clear,26.76,100
2025-07-25 17:28:09,Clear,26.76,100
2025-07-25 17:48:08,Clear,26.76,100
2025-07-25 17:59:34,Clear,26.76,100
2025-07-25 18:42:24,Clear,26.76,100
2025-07-25 19:00:19,Clear,26.76,100
2025-07-25 19:25:23,Clear,25.76,100
2025-07-25 19:40:45,Clear,25.76,100
2025-07-25 19:52:43,Clear,25.76,100
2025-07-25 20:18:47,Clear,25.54,89
2025-07-25 20:40:56,Clear,25.76,94
2025-07-25 20:55:33,Clear,25.76,94
2025-07-25 21:23:04,Clouds,25.27,90
2025-07-25 21:40:18,Clear,25.76,100
2025-07-25 21:52:21,Clear,25.76,100
2025-07-25 22:15:35,Clouds,26.32,90
2025-07-25 22:40:50,Clear,28.76,89
2025-07-25 22:55:04,Clear,28.76,89
2025-07-25 23:22:33,Clouds,28.36,84
2025-07-25 23:40:38,Clear,30.76,74
2025-07-25 23:52:44,Clear,30.76,74
2025-07-26 01:22:11,Clear,33.76,59
2025-07-26 03:09:01,Clear,34.76,55
2025-07-26 04:05:32,Clear,33.76,55
2025-07-26 04:48:39,Clear,34.76,55
2025-07-26 05:13:00,Clouds,34.99,52
2025-07-26 05:41:51,Clear,35.76,52
2025-07-26 05:55:05,Clear,35.76,52
2025-07-26 06:33:03,Clear,36.76,47
2025-07-26 06:56:34,Clear,36.76,47
2025-07-26 07:25:19,Clear,36.76,47
2025-07-26 07:41:16,Clear,36.76,47
2025-07-26 07:52:52,Clear,36.76,47
2025-07-26 08:21:07,Clear,35.76,56
2025-07-26 08:45:21,Clear,35.76,56
2025-07-26 08:58:43,Clear,35.76,56
2025-07-26 09:28:51,Clear,33.76,62
2025-07-26 09:44:56,Clear,33.76,62
2025-07-26 09:56:12,Clear,33.76,62
2025-07-26 10:26:13,Clear,32.76,70
2025-07-26 10:46:55,Clear,32.76,70
2025-07-26 10:58:24,Clear,32.76,70
2025-07-26 11:23:59,Clouds,31.04,66
2025-07-26 11:39:16,Clear,30.76,79
2025-07-26 11:50:56,Clear,30.76,79
2025-07-26 12:23:07,Clear,30.22,67
2025-07-26 13:06:01,Clear,29.76,84
2025-07-26 13:42:19,Clear,28.76,94
2025-07-26 13:55:55,Clear,28.76,94
2025-07-26 14:22:53,Clear,28.76,94
2025-07-26 14:42:55,Clear,28.76,94
2025-07-26 14:54:48,Clear,28.76,94
2025-07-26 15:21:42,Clear,27.24,84
2025-07-26 15:42:12,Clear,28.76,94
2025-07-26 15:56:09,Clear,28.76,94
2025-07-26 16:29:56,Clear,27.76,100
2025-07-26 16:52:21,Clear,27.76,100
2025-07-26 17:14:02,Clear,27.76,100
2025-07-26 17:38:53,Clear,26.76,100
2025-07-26 17:51:49,Clear,26.76,100
2025-07-26 18:19:46,Clear,26.6,85
2025-07-26 18:47:02,Clear,26.76,100
2025-07-26 19:00:36,Clear,26.76,100
2025-07-26 19:23:34,Clear,25.76,100
2025-07-26 19:37:28,Clear,25.76,100
2025-07-26 19:49:01,Clear,25.76,100
2025-07-26 20:00:31,Clear,25.76,100
2025-07-26 20:30:31,Clear,25.76,100
2025-07-26 20:46:56,Clear,25.76,100
2025-07-26 20:58:27,Clear,25.76,100
2025-07-26 21:25:59,Clear,25.76,100
2025-07-26 21:43:01,Clear,25.76,100
2025-07-26 21:54:46,Clear,25.76,100
2025-07-26 22:20:39,Clear,29.76,74
2025-07-26 22:41:51,Clear,29.76,74
2025-07-26 22:54:19,Clear,29.76,74
2025-07-26 23:19:55,Clear,29.37,77
2025-07-26 23:38:09,Clear,31.76,66
2025-07-26 23:51:26,Clear,31.76,66
2025-07-27 01:17:02,Clear,32.41,56
2025-07-27 03:19:26,Clear,35.76,49
2025-07-27 04:25:28,Clouds,35.76,46
2025-07-27 05:00:52,Clouds,35.76,46
2025-07-27 05:36:02,Clouds,36.76,44
2025-07-27 05:53:40,Clouds,36.76,44
2025-07-27 06:28:22,Clear,35.76,56
2025-07-27 06:54:42,Clear,35.76,56
2025-07-27 07:20:08,Clear,36.04,47
2025-07-27 07:37:26,Clouds,35.76,63
2025-07-27 07:50:26,Clouds,35.76,63
2025-07-27 08:14:17,Clear,35.55,50
2025-07-27 08:42:37,Clouds,34.76,63
2025-07-27 08:58:36,Clouds,34.76,63
2025-07-27 09:29:18,Clear,34.01,53
2025-07-27 09:47:13,Clouds,33.76,70
2025-07-27 09:58:32,Clouds,33.76,70
2025-07-27 10:30:36,Clear,32.58,58
2025-07-27 10:49:29,Clouds,31.76,79
2025-07-27 11:07:38,Clear,30.66,67
2025-07-27 11:27:39,Clear,29.76,89
2025-07-27 11:42:31,Clear,29.76,89
2025-07-27 11:54:12,Clear,29.76,89
2025-07-27 12:40:22,Clear,28.76,94
2025-07-27 13:20:11,Clear,28.78,80
2025-07-27 13:45:31,Clear,27.76,94
2025-07-27 13:56:58,Clear,27.76,94
2025-07-27 14:25:19,Clear,28.22,83
2025-07-27 14:44:10,Clear,27.76,94
2025-07-27 14:55:39,Clear,27.76,94
2025-07-27 15:24:08,Clear,27.74,86
2025-07-27 15:41:43,Clear,27.76,100
2025-07-27 15:53:51,Clear,27.76,100
2025-07-27 16:23:19,Clear,27.76,100
2025-07-27 16:47:50,Clear,27.76,100
2025-07-27 16:59:55,Clear,27.76,100
2025-07-27 17:28:44,Clear,26.76,100
2025-07-27 17:47:00,Clear,26.76,100
2025-07-27 17:58:27,Clear,26.76,100
2025-07-27 18:38:41,Clear,26.76,100
2025-07-27 18:57:31,Clear,26.76,100
2025-07-27 19:23:21,Clear,26,91
2025-07-27 19:37:32,Clear,26.76,100
2025-07-27 19:49:16,Clear,26.76,100
2025-07-27 20:09:24,Clear,25.71,92
2025-07-27 20:34:18,Clear,26.76,100
2025-07-27 20:50:26,Clear,26.76,100
2025-07-27 21:10:28,Clear,25.66,92
2025-07-27 21:31:41,Clouds,25.76,100
2025-07-27 21:45:44,Clouds,25.76,100
2025-07-27 21:57:21,Clouds,25.76,100
2025-07-27 22:27:17,Clear,28.76,94
2025-07-27 22:47:58,Clear,28.76,94
2025-07-27 22:59:24,Clear,28.76,94
2025-07-27 23:29:01,Clear,30.76,84
2025-07-27 23:46:23,Clear,30.76,84
2025-07-27 23:57:35,Clear,30.76,84
2025-07-28 02:31:29,Clouds,33.76,66
2025-07-28 03:57:10,Clouds,33.76,62
2025-07-28 04:52:29,Clouds,34.76,55
2025-07-28 05:25:02,Clouds,34.76,59
2025-07-28 05:52:23,Clouds,34.76,59
2025-07-28 06:27:07,Clear,35.18,47
2025-07-28 06:59:17,Clouds,34.76,66
2025-07-28 07:33:23,Clouds,34.76,66
2025-07-28 07:51:04,Clouds,34.76,66
2025-07-28 08:20:34,Clouds,33.76,70
2025-07-28 08:50:57,Clouds,33.76,70
2025-07-28 09:20:31,Clear,33.57,60
2025-07-28 09:47:09,Clouds,31.76,79
2025-07-28 09:59:22,Clouds,31.76,79
2025-07-28 10:35:04,Clouds,30.76,74
2025-07-28 10:54:52,Clouds,30.76,74
2025-07-28 11:20:24,Clear,29.98,71
2025-07-28 11:38:13,Clear,28.76,84
2025-07-28 11:51:04,Clear,28.76,84
2025-07-28 12:27:42,Clear,27.76,83
2025-07-28 13:22:58,Clear,26.76,94
2025-07-28 13:56:08,Clear,26.76,94
2025-07-28 14:27:50,Clear,27.76,89
2025-07-28 14:51:55,Clear,27.76,89
2025-07-28 15:17:10,Clear,27.44,83
2025-07-28 15:42:24,Clear,26.76,94
2025-07-28 15:57:58,Clear,26.76,94
2025-07-28 16:37:53,Clear,25.76,100
2025-07-28 17:00:26,Clear,25.76,100
2025-07-28 17:32:08,Clear,25.76,100
2025-07-28 17:50:01,Clear,25.76,100
2025-07-28 18:15:53,Clear,25.76,100
2025-07-28 18:50:46,Clear,25.76,100
2025-07-28 19:13:19,Clear,26.06,86
2025-07-28 19:32:09,Clear,25.76,100
2025-07-28 19:45:38,Clear,25.76,100
2025-07-28 19:57:00,Clear,25.76,100
2025-07-28 20:32:34,Clear,24.76,100
2025-07-28 20:51:55,Clear,24.76,100
2025-07-28 21:14:37,Clear,24.76,100
2025-07-28 21:34:11,Clear,25.76,100
2025-07-28 21:48:32,Clear,25.76,100
2025-07-28 22:00:07,Clear,25.76,100
2025-07-28 22:33:04,Clear,27.76,100
2025-07-28 22:53:34,Clear,27.76,100
2025-07-28 23:19:36,Clear,27.76,100
2025-07-28 23:40:52,Clear,29.76,84
2025-07-28 23:54:58,Clear,29.76,84
2025-07-29 02:09:10,Clear,32.76,66
2025-07-29 03:54:05,Clouds,34.76,55
2025-07-29 04:48:19,Clouds,34.76,63
2025-07-29 05:19:06,Clear,35.47,53
2025-07-29 05:48:44,Clouds,35.76,56
2025-07-29 06:14:25,Clouds,35.76,56
2025-07-29 06:51:43,Clouds,35.76,56
2025-07-29 07:19:20,Clear,35.47,47
2025-07-29 07:42:03,Clouds,35.76,56
2025-07-29 07:55:35,Clouds,35.76,56
2025-07-29 08:33:58,Clouds,34.76,59
2025-07-29 08:58:25,Clouds,34.76,59
2025-07-29 09:34:46,Clouds,33.76,59
2025-07-29 09:54:02,Clouds,33.76,59
2025-07-29 10:22:23,Clear,31.76,66
2025-07-29 10:47:52,Clear,31.76,66
2025-07-29 11:00:16,Clear,31.76,66
2025-07-29 11:27:05,Clear,29.76,79
2025-07-29 11:44:31,Clear,29.76,79
2025-07-29 11:55:55,Clear,29.76,79
2025-07-29 12:56:22,Clear,28.76,89
2025-07-29 13:45:12,Clear,28.76,89
2025-07-29 14:12:04,Clear,28.76,89
2025-07-29 14:45:14,Clear,27.76,100
2025-07-29 15:01:50,Clear,27.76,100
2025-07-29 15:36:00,Clear,27.76,100
2025-07-29 15:54:18,Clear,27.76,100
2025-07-29 16:27:15,Clear,26.76,100
2025-07-29 16:55:48,Clear,26.76,100
2025-07-29 17:25:37,Clear,26.76,100
2025-07-29 17:48:38,Clear,26.76,100
2025-07-29 18:00:14,Clear,26.76,100
2025-07-29 18:46:57,Clear,25.76,100
2025-07-29 19:11:16,Clouds,26.76,100
2025-07-29 19:32:34,Clouds,26.76,100
2025-07-29 19:46:33,Clouds,26.76,100
2025-07-29 19:57:48,Clouds,26.76,100
2025-07-29 20:32:54,Clouds,25.76,100
2025-07-29 20:51:41,Clouds,25.76,100
2025-07-29 21:13:56,Clear,26.76,100
2025-07-29 21:36:27,Clear,26.76,100
2025-07-29 21:51:20,Clear,26.76,100
2025-07-29 22:13:46,Clouds,26.73,88
2025-07-29 22:41:26,Clouds,26.76,100
2025-07-29 22:56:13,Clouds,26.76,100
2025-07-29 23:25:34,Clouds,28.48,83
2025-07-29 23:43:59,Clear,29.76,84
2025-07-29 23:55:29,Clear,29.76,84
2025-07-30 02:05:35,Clear,32.76,66
2025-07-30 03:48:02,Clear,32.76,62
2025-07-30 04:33:09,Clouds,32.76,66
2025-07-30 05:04:51,Clouds,32.76,66
2025-07-30 05:45:12,Clouds,34.76,59
2025-07-30 06:00:25,Clouds,34.76,59
2025-07-30 06:48:38,Clouds,34.76,59
2025-07-30 07:14:27,Clouds,35.03,48
2025-07-30 07:41:38,Clouds,32.76,70
2025-07-30 07:55:57,Clouds,32.76,70
2025-07-30 08:35:42,Clouds,32.76,70
2025-07-30 08:59:55,Clouds,32.76,70
2025-07-30 09:37:40,Clear,31.76,70
2025-07-30 09:55:57,Clear,31.76,70
2025-07-30 10:28:39,Clear,30.76,84
2025-07-30 10:51:41,Clear,30.76,84
2025-07-30 11:13:34,Clear,30.76,84
2025-07-30 11:32:59,Clear,29.76,84
2025-07-30 11:47:39,Clear,29.76,84
2025-07-30 11:58:57,Clear,29.76,84
2025-07-30 13:02:40,Clear,28.76,94
2025-07-30 13:49:15,Clear,28.76,100
2025-07-30 14:11:19,Clouds,28.44,81
2025-07-30 14:42:55,Clear,28.76,100
2025-07-30 14:58:11,Clear,28.76,100
2025-07-30 15:32:24,Clear,27.76,100
2025-07-30 15:52:16,Clear,27.76,100
2025-07-30 16:20:31,Clouds,27.77,81
2025-07-30 16:48:43,Clear,27.76,100
2025-07-30 17:10:55,Clear,27.76,100
2025-07-30 17:38:39,Clear,27.76,100
2025-07-30 17:54:13,Clear,27.76,100
2025-07-30 18:31:44,Clear,27.76,100
2025-07-30 18:57:55,Clear,27.76,100
2025-07-30 19:25:23,Clear,28.76,74
2025-07-30 19:41:28,Clear,28.76,74
2025-07-30 19:52:53,Clear,28.76,74
2025-07-30 20:18:35,Clouds,27.15,76
2025-07-30 20:40:53,Clear,28.76,74
2025-07-30 20:55:52,Clear,28.76,74
2025-07-30 21:24:52,Clouds,27.19,77
2025-07-30 21:43:12,Clear,28.76,74
2025-07-30 21:54:42,Clear,28.76,74
2025-07-30 22:21:58,Clouds,27.27,80
2025-07-30 22:44:29,Clear,28.76,79
2025-07-30 22:56:44,Clear,28.76,79
2025-07-30 23:27:21,Clouds,27.95,78
2025-07-30 23:45:55,Clear,28.76,84
2025-07-30 23:57:13,Clear,28.76,84
2025-07-31 02:26:45,Clear,32.76,55
2025-07-31 03:51:53,Clear,32.76,58
2025-07-31 04:36:51,Clouds,34.76,52
2025-07-31 05:04:38,Clouds,34.76,52
2025-07-31 05:42:50,Clear,32.76,58
2025-07-31 05:58:27,Clear,32.76,58
2025-07-31 06:45:08,Clear,31.76,62
2025-07-31 07:12:20,Clouds,32.24,51
2025-07-31 07:38:36,Clear,30.76,66
2025-07-31 07:52:18,Clear,30.76,66
2025-07-31 08:23:12,Clear,30.76,66
2025-07-31 08:52:45,Clear,30.76,66
2025-07-31 09:23:29,Clear,29.76,74
2025-07-31 09:48:10,Clear,29.76,74
2025-07-31 09:59:21,Clear,29.76,74
2025-07-31 10:34:45,Clear,28.76,84
2025-07-31 10:54:34,Clear,28.76,84
2025-07-31 11:19:38,Clear,27.76,94
2025-07-31 11:37:57,Clear,27.76,94
2025-07-31 11:50:54,Clear,27.76,94
2025-07-31 12:24:53,Clouds,27.96,75
2025-07-31 13:20:13,Clear,26.76,100
2025-07-31 13:53:41,Clear,26.76,100
2025-07-31 14:20:57,Clouds,26.87,80
2025-07-31 14:46:27,Clear,26.76,100
2025-07-31 14:59:53,Clear,26.76,100
2025-07-31 15:33:22,Clear,26.76,100
2025-07-31 15:52:08,Clear,26.76,100
2025-07-31 16:19:53,Clouds,26.56,84
2025-07-31 16:49:01,Clear,26.76,100
2025-07-31 17:12:03,Clouds,26.46,83
2025-07-31 17:39:44,Clear,26.76,100
2025-07-31 17:53:35,Clear,26.76,100
2025-07-31 18:29:29,Clear,26.76,100
2025-07-31 18:57:21,Clear,26.76,100
2025-07-31 19:24:44,Clear,26.76,100
2025-07-31 19:40:34,Clear,26.76,100
2025-07-31 19:52:08,Clear,26.76,100
2025-07-31 20:17:35,Clouds,26.46,84
2025-07-31 20:41:43,Clear,25.76,100
2025-07-31 20:56:24,Clear,25.76,100
2025-07-31 21:26:23,Clear,25.76,100
2025-07-31 21:45:27,Clear,25.76,100
2025-07-31 21:56:50,Clear,25.76,100
2025-07-31 22:28:13,Clear,27.76,100
2025-07-31 22:49:15,Clear,27.76,100
2025-07-31 23:09:11,Clear,27.76,100
2025-07-31 23:32:05,Clear,29.76,79
2025-07-31 23:47:57,Clear,29.76,79
2025-07-31 23:59:08,Clear,29.76,79
2025-08-01 02:39:58,Clear,34.76,55
2025-08-01 04:07:00,Clear,33.76,55
2025-08-01 05:01:26,Clear,33.76,59
2025-08-01 05:42:38,Clear,33.76,59
2025-08-01 05:59:56,Clear,33.76,59
2025-08-01 06:48:13,Clouds,31.76,74
2025-08-01 07:15:18,Clouds,33.41,55
2025-08-01 07:42:01,Clear,33.76,55
2025-08-01 07:55:32,Clear,33.76,55
2025-08-01 08:34:10,Clear,31.76,70
2025-08-01 08:58:13,Clear,31.76,70
2025-08-01 09:34:57,Clouds,30.76,70
2025-08-01 09:54:04,Clouds,30.76,70
2025-08-01 10:23:07,Rain,29.76,89
2025-08-01 10:48:54,Clear,29.76,89
2025-08-01 11:00:25,Clear,29.76,89
2025-08-01 11:27:11,Clouds,29.27,79
2025-08-01 11:44:33,Clear,28.76,100
2025-08-01 11:56:07,Clear,28.76,100
2025-08-01 12:55:52,Clear,27.76,100
2025-08-01 13:40:53,Clear,27.76,100
2025-08-01 14:00:05,Clear,27.76,100
2025-08-01 14:33:02,Clear,27.76,100
2025-08-01 14:53:40,Clear,27.76,100
2025-08-01 15:21:18,Clear,26.76,100
2025-08-01 15:43:23,Clear,26.76,100
2025-08-01 15:58:00,Clear,26.76,100
2025-08-01 16:37:39,Clear,27.76,100
2025-08-01 16:58:55,Clear,27.76,100
2025-08-01 17:30:44,Clear,26.76,100
2025-08-01 17:50:33,Clear,26.76,100
2025-08-01 18:17:10,Clouds,26.21,89
2025-08-01 18:50:14,Clear,26.76,100
2025-08-01 19:11:50,Clouds,25.93,90
2025-08-01 19:29:27,Clouds,25.76,100
2025-08-01 19:44:10,Clouds,25.76,100
2025-08-01 19:55:27,Clouds,25.76,100
2025-08-01 20:27:00,Clouds,25.76,100
2025-08-01 20:47:23,Mist,25.76,100
2025-08-01 20:59:02,Mist,25.76,100
2025-08-01 21:28:08,Clouds,25.19,91
2025-08-01 21:45:23,Mist,25.76,100
2025-08-01 21:56:38,Mist,25.76,100
2025-08-01 22:26:56,Clouds,27.76,94
2025-08-01 22:48:06,Mist,27.76,94
2025-08-01 22:59:26,Mist,27.76,94
2025-08-01 23:28:49,Mist,29.76,79
2025-08-01 23:45:49,Mist,29.76,79
2025-08-01 23:57:15,Mist,29.76,79
2025-08-02 02:21:10,Clouds,32.05,66
2025-08-02 03:42:08,Clouds,33.76,59
2025-08-02 04:22:05,Clouds,33.76,52
2025-08-02 04:55:00,Clouds,33.76,52
2025-08-02 05:25:11,Clouds,34.76,49
2025-08-02 05:49:49,Clouds,34.76,49
2025-08-02 06:14:04,Clouds,32.77,48
2025-08-02 06:46:44,Clouds,34.76,49
2025-08-02 07:00:32,Clouds,34.76,49
2025-08-02 07:27:46,Clouds,34.76,49
2025-08-02 07:43:12,Clouds,34.76,49
2025-08-02 07:54:20,Clouds,34.76,49
2025-08-02 08:26:25,Clouds,33.76,55
2025-08-02 08:50:40,Clouds,33.76,55
2025-08-02 09:13:10,Clear,31.94,53
2025-08-02 09:37:18,Clouds,32.76,58
2025-08-02 09:51:10,Clouds,32.76,58
